[
  {
    "id": "content-manager",
    "source": {
      "development": "/content-manager/main.js",
      "production": "/content-manager/main.js",
      "staging": "/content-manager/main.js"
    }
  },
  {
    "id": "content-type-builder",
    "source": {
      "development": "/content-type-builder/main.js",
      "production": "/content-type-builder/main.js",
      "staging": "/content-type-builder/main.js"
    }
  },
  {
    "id": "my-plugin",
    "source": {
      "development": "/my-plugin/main.js",
      "production": "/my-plugin/main.js",
      "staging": "/my-plugin/main.js"
    }
  },
  {
    "id": "settings-manager",
    "source": {
      "development": "/settings-manager/main.js",
      "production": "/settings-manager/main.js",
      "staging": "/settings-manager/main.js"
    }
  },
  {
    "id": "upload",
    "source": {
      "development": "/upload/main.js",
      "production": "/upload/main.js",
      "staging": "/upload/main.js"
    }
  },
  {
    "id": "users-permissions",
    "source": {
      "development": "/users-permissions/main.js",
      "production": "/users-permissions/main.js",
      "staging": "/users-permissions/main.js"
    }
  }
]