{
  "listPlugins": {
    "id": "app.components.LeftMenuLinkContainer.listPlugins",
    "defaultMessage": "Plugins"
  },
  "installNewPlugin": {
    "id": "app.components.LeftMenuLinkContainer.installNewPlugin",
    "defaultMessage": "Marketplace"
  },
  "configuration": {
    "id": "app.components.LeftMenuLinkContainer.configuration",
    "defaultMessage": "Configurations"
  },
  "plugins": {
    "id": "app.components.LeftMenuLinkContainer.plugins",
    "defaultMessage": "Plugins"
  },
  "general": {
    "id": "app.components.LeftMenuLinkContainer.general",
    "defaultMessage": "General"
  },
  "noPluginsInstalled": {
    "id": "app.components.LeftMenuLinkContainer.noPluginsInstalled",
    "defaultMessage": "No plugins installed yet"
  }
}
